sale_id,customer_id,product_id,sale_date,quantity,total_amount,payment_method,shipping_address,discount_applied,sale_status,salesperson_id
ca93a505-fb3e-469d-8f01-e37b83bb35c3,26e16b81-c6af-469c-a792-43a06ee48bc6,c292635f-3a07-4063-b2f5-8344a6c4b88a,2022-11-04,8,406.7,Debit Card,432 Catherine Fords Suite 515,False,Pending,d7ca810e-d1ce-4646-9d70-c95819c73538
ec9f142a-2190-4656-bbd0-4e5a78155d81,f70b1954-5f36-42a7-8740-c3aabcd3a788,0161d1f4-5ac7-408d-a840-c183c14ecd98,2024-05-14,7,642.42,Bank Transfer,8833 Jessica Ways Apt. 412,False,Cancelled,b448bc21-68a5-41f5-ab74-4e3c15da1ff3
fb6475df-12af-46e0-a405-393fa9136c30,074809fa-dfa1-4208-8b84-3eb1872dfa0c,7053449a-5eb3-4d53-a1f5-5366d8384650,2023-04-04,10,587.5,Bank Transfer,13730 Corey Springs,False,Completed,0695ebfc-0d05-4def-8011-b26aac149c92
b48ff603-1ba8-4238-b5b4-f6c6a77f1298,59629ece-c708-4aeb-875f-39b1b6830fa7,68d23ba5-9e72-4bb0-8158-5b17e99bb013,2024-01-27,3,17.53,Credit Card,33837 Kelley Mission Suite 115,False,Pending,4dada84c-3c0a-4cb8-b224-05438e2beab3
a91b0f9e-d5cf-4abe-acc8-9bb3bb02783a,994d1bcf-3023-47ab-9765-b915c66b5c72,0e794ef5-228e-4a02-a32a-84db1af228c2,2023-05-07,2,441.36,PayPal,685 Murphy Glens,True,Pending,780ebaf3-9ebe-4eec-99bf-66a080ba733e
3c30a207-eca0-426b-8724-0ec207a6d574,3b85f51a-3ae5-4c1b-92c5-2de39006c71f,b7273295-b63b-4d2b-81b9-55e2269bc6be,2023-06-02,8,149.98,Bank Transfer,58690 Perkins Knolls,True,Completed,438ce85d-f281-4a6b-86de-9a0004115021
2d885fcd-752e-44eb-9e9a-6d980f0ccfb3,938628e9-def5-4909-a36a-dde5c200b29f,c0499b35-5bea-474f-ad21-ef11f9c4b934,2024-03-03,10,816.92,Debit Card,85194 Ricardo Hollow,True,Cancelled,d3d9c44e-1d14-45f7-972a-fac8596f666e
37db64c5-20cc-4d69-b5c8-18fa7f40e1ac,8b467d92-50ee-4eb0-8018-b89254407aa8,0983be74-d730-4dcb-91cc-1ac78d82d2e8,2024-03-07,1,914.7,PayPal,2771 Edward Gateway Apt. 743,True,Completed,d25b17d9-070d-475c-8f1f-6efce65ccba4
14407223-b549-4ff7-a289-edfb3490d6df,f6e14c0f-58ec-4534-b188-426d74197352,f05e8e95-3774-47b2-9a04-8dbf4a6b2140,2023-01-04,9,643.19,PayPal,825 Kimberly Island Suite 105,True,Cancelled,ffc6a34a-900a-4a82-9972-68e48ab8243d
83687b49-a249-4632-bbe5-db156d4c6761,ece0011d-e648-4f56-b26c-b7ffdb0d040a,2196814d-3dbb-4294-adee-be842f6e9acb,2024-06-11,8,896.07,PayPal,6607 Elizabeth Harbor,True,Completed,55ae2482-b774-41ad-a799-063032867254
5440562d-b3da-4695-a0de-5dd1d6830db7,044f0eb7-bd2c-4ad9-85f0-b65f00da2cda,959b1bfa-54a9-4c0a-95bb-06eff5ff17b7,2022-11-02,1,65.53,Debit Card,080 Joshua Streets,True,Completed,dda0f9f5-01d8-48db-87d9-f11352ddcc4c
34a1e3b3-fbb7-478f-a71e-f0bb591af0c7,4c116abb-510e-492f-8f50-9aa842832bcb,f82d5f24-6d88-4e10-8402-821d6075aca3,2022-10-05,7,983.7,Credit Card,99103 Christopher Club,True,Completed,8ad5132c-bf99-4b6e-92b4-f3f9799bc337
7eb4cbce-3654-4fd8-91be-1ec49d869055,09c4b1a3-83d0-449e-ac22-83b364b1020f,9f52848f-6aa7-4fe3-8e46-7261f788dc31,2023-03-19,8,442.88,Debit Card,1732 Carrie Vista Suite 773,False,Completed,2495fcc6-899d-4b47-9348-e992641db74a
1da300c3-6d22-420f-a7da-b73306a22369,2665a400-bd61-4799-80ef-bcea4e81d99a,f43dc4cd-5db0-4c9f-b6b9-e7ee223621b9,2023-11-10,5,609.14,Debit Card,76134 Roberts Walks,False,Cancelled,329c8aee-f28c-4944-8a44-746ebf2c5350
f849e1d0-0d7c-4220-8fbd-66376d1dbba9,1a467da5-4311-48e1-b60c-171c3d45a610,df9454e0-d92f-4a67-afab-15a110a8c575,2023-01-07,7,660.76,Bank Transfer,2623 Scott Place Apt. 531,True,Pending,84981ffb-1881-4d6a-9601-3c5075eee832
1467b18e-a351-480f-8ce8-ee3b1da02346,c1fcae40-01f1-499e-8a85-f9a28b367d6a,19bb3cef-b513-4560-9c75-5a4697067139,2022-06-24,2,387.08,Bank Transfer,026 Olson Harbor Suite 333,False,Pending,8c2eb4db-8cfa-4c05-b65a-173904396bea
24eccb83-b80a-4186-990c-66f0c0f8f7bb,c8166175-fbe0-4a94-a375-5fc4b637194f,4f933738-13ec-4a9f-8646-22682c1e9e4a,2023-04-25,4,351.62,Credit Card,1312 Tammy Oval,False,Cancelled,70dcea8a-fa91-4336-b24b-37a346b0cf7f
96b3b45e-d301-4afb-8330-aadb7ddd7ca5,6233f92d-99c3-442c-925b-2be4168c4138,c06757e9-3d88-49d3-85b0-19a736b9b557,2023-04-02,6,719.66,PayPal,028 John Stravenue Apt. 985,True,Completed,a9a542f2-8192-408a-b4a4-7a21b2e85422
89626675-ee05-465c-aeda-855085b46745,a0f09365-a578-49f5-80d2-57663f46eb6f,bdf30e28-9833-4751-a137-23ee320fbb67,2024-01-24,8,976.24,PayPal,22773 Patricia View Suite 610,True,Pending,967699e6-e3cd-4444-8b9e-2555a1be463c
423f3726-dd07-4db1-a060-d447f58b2013,5668001f-4cf4-46b7-bcba-0bac97fb7f60,00a865e2-6a77-49d2-9d75-80dd96b8dc69,2023-06-20,5,567.49,Bank Transfer,540 Rebecca Bypass Apt. 919,False,Completed,c3759f71-c68c-4254-bd5f-7186d57a15f5
3898b49e-13b9-4bca-b8e1-805f2eb0c1f9,931a8ca5-86f6-4886-944e-05ae3270ca2d,07acc2dc-8fae-4cae-86b7-65110f6aa8d5,2024-05-04,6,413.76,PayPal,680 Hebert Crescent Suite 712,True,Cancelled,4c9ed748-e374-44c5-ac43-0507caeccf12
d5380522-2034-498c-904e-44d2f248fdff,cbd906a4-3a52-4fc0-8922-883a84e2eb57,5c01585a-1661-4686-9e3c-09b15e1d9019,2024-01-08,2,336.0,Debit Card,136 James Brooks Suite 571,True,Pending,a0d230f7-747e-4544-b05f-ac34cc999018
e284c26d-bee2-4eef-9f52-0ec5d17ec57f,8445a9ab-b10d-4bc4-984c-012fcd836088,f9564ef4-c532-4d35-bd44-28f387a6e0ea,2022-08-01,2,461.07,Credit Card,535 Gonzalez Ports Apt. 786,False,Cancelled,59c80719-3120-452b-9c46-42e9dc48683a
91094253-e63e-424c-95e8-914993273e8d,5f5cf5e9-02de-4ad9-9f60-8e2bc9997acd,c370a722-0f66-43b3-bdd7-035067396642,2024-03-10,9,67.37,PayPal,05683 Michael Views,True,Completed,7ff11330-7235-4fcc-93be-421ed0946353
4004335d-49b2-440e-949f-f3ecf1dc3fd9,1b761813-6bc3-48e3-bc02-24b52c486edb,753dbe6a-a2d8-4200-8dac-85120107a7df,2022-11-12,7,696.39,PayPal,148 Emily Dam,False,Cancelled,65520184-0318-48f6-934e-f23fd5cc95da
5b0f77f7-3316-4d71-9d56-8449c1d70c98,eddaa27d-0b44-4402-809c-e2cd97391318,f716c663-d2d5-48ed-88f1-3ea9678d0080,2023-03-27,10,179.28,Credit Card,75615 Alyssa Port,True,Cancelled,03c32762-48f1-4b84-9090-f61ca94684e1
9ca4b1ab-de65-4754-bd26-d994dae6d054,502eabc3-8206-4115-a6b8-db19cd6db4f6,7b8a5dc4-5e31-4614-8038-fdb331db1333,2022-08-29,8,902.78,Debit Card,262 James Flats,False,Pending,f161c0c9-5d2c-44ef-b5e0-ce407ae970eb
0d51c51d-02a0-4cdc-9004-110e6dc35798,e78f8da6-be00-4f5d-b38b-a317c1968344,ce422810-9147-44c7-9443-c6c00c7f425b,2022-07-30,5,941.59,Bank Transfer,877 Jackson Walk,True,Pending,44621551-dcb7-4932-a28c-0c5abe8aa89e
8c02cdef-c59b-4ce6-998f-93c7d55815ea,b7b439fa-3cc3-4b38-b672-94741bcec6b5,f1bc79f3-2c8d-4898-b8e3-207203e099c4,2023-10-21,1,388.52,Bank Transfer,395 Lynch Place,False,Cancelled,707c9467-9952-4c56-bba1-d8b7d29e0677
151ae297-a0dd-4b37-97bb-d93651bf3ab8,d9f9d0bf-c94c-49c0-a333-eac3e3d22282,8a0da52a-5816-46fa-a98d-c45ef81ec380,2022-08-08,7,272.98,PayPal,8500 Shaffer Crossroad Apt. 399,True,Cancelled,fd4fe8af-0af7-4e6d-92ce-10f66ae942db
55157af0-fdcf-4306-949f-e46754305f56,40c29cf8-7d81-4c61-b2ea-0071fb7da302,bda97694-aa9a-4be5-9515-ce41e6c90e5f,2023-06-29,6,463.13,Credit Card,1804 Baird Road,False,Completed,9b164eb7-0d6b-423d-9900-6d9d91a82e15
7626b2ec-7723-4e8e-bce7-4d9dcd42c574,f7a7831c-4824-4422-9802-650e9a1f4ab8,3d99686b-e89d-4137-8b1c-e66c26cd01e5,2022-10-22,5,306.01,Bank Transfer,66630 Danielle Trace Apt. 628,False,Completed,24a5dd4b-24ae-422f-83d9-74319608a4b6
fdf09623-ae5c-40ff-852e-7c92d03f371a,02ab456f-6aed-4ae4-a1a7-2b738822f267,ba769a08-5788-4cd8-ac2a-88eada37b2f9,2023-01-16,7,115.77,Debit Card,4234 Alvarado Passage,True,Completed,24c0398d-fbfd-478b-b3b7-99ff2f979e9b
c0343e47-54c1-44c5-a72d-a02a29a3846b,b4637405-9616-4e1f-b82a-5097b688caa9,c0977538-efbb-4de2-8875-8967e07dd42e,2023-06-27,4,658.54,Debit Card,54544 Santiago Burgs,False,Completed,ca46f4ea-396a-456f-bb15-18b17703e4f3
1ae43ddd-12bd-42fc-ae7e-6dd0f7d9a5b8,9ede8c2f-7cf0-438e-be06-adc061fc7d63,ffe3d471-46e3-4a59-83d8-b8e6a167e4b2,2023-02-23,10,737.35,PayPal,065 Keith Fords,True,Pending,846c24e7-9119-44b2-acb5-ef6ff15218bf
1f56f4c4-0664-4d3a-b899-2c51f6506bd2,ef8ec4a5-a387-43c3-87b0-9c1df3f7f5f3,446f4219-416b-4732-9d34-b86883585228,2022-09-04,4,139.54,Debit Card,497 Samantha Well Apt. 951,False,Completed,eb33bed8-7d5a-42ed-9639-7731bafd369e
7eb74e8b-fc1c-4e2a-93a0-16ac00d99398,cd713e1d-bb93-42c7-bcfb-d660c7f13f06,c1c9091d-8f56-42cf-beed-3aa2080dfe66,2023-03-06,1,499.07,Debit Card,40248 Bailey Ports Apt. 781,False,Cancelled,bd05d541-76aa-4fd5-a024-7ebeccc9060d
c2c40ef9-6a36-47a4-8b4b-fb80ec8ebeff,53851b39-74d8-421e-a7b1-cc1afd268a86,ac08ff58-4d58-4709-b104-f9bad1027f3b,2023-07-24,10,467.14,PayPal,01213 Caitlin Bypass,True,Completed,a6924f81-bdbb-48f5-bcf5-4b59a3c85498
969a54f1-286b-4227-9ebf-af63ae3efeff,77bf59ed-8c81-4954-9ab2-35dfb7d08517,c4f6d56e-d6c6-4864-a015-362952da75b7,2024-05-11,1,993.85,Debit Card,17732 Young Circles Suite 546,True,Completed,95b4422b-c32c-47c1-855c-7e34bb62c81f
fdc06374-44d1-490c-9466-e07b0139f7c7,95366434-e065-475e-adef-39b77d2a4d7a,ee07e34c-898f-448d-b51f-19a6d08d66eb,2022-12-30,6,467.4,PayPal,5150 Eugene Mission,True,Cancelled,dc54dc3d-0594-4ff1-968b-e69f285ec943
494479b2-4df1-4a80-bfcf-f45ff79ac62a,d6e1c11d-d633-4bb1-9299-426f53ea9fc0,09983a60-830d-4844-9cce-2f385338b78a,2023-11-12,9,741.47,Debit Card,543 Flores Bypass,True,Completed,b438019c-e883-4371-a177-0318c8c77730
a31f1e79-48bf-454d-be8a-9fc865d83471,1183b437-c645-4afe-8675-fbf1bc587685,d104d064-58d9-4e38-9fca-a561fbb392dc,2022-09-20,3,71.91,Debit Card,4434 Figueroa Field Apt. 315,False,Cancelled,5f5c15ab-95e4-49b1-b6ed-18d06956a9ff
dee87fed-6f46-4896-92fe-3ced869d55a6,7ff6013d-a0a6-4a23-92dd-b0a435bf4622,7521da10-398c-48b7-8569-a5a262b31f8d,2023-07-15,6,343.7,Bank Transfer,30631 Long Square Apt. 208,False,Completed,7f1c1db4-29e9-4502-b595-1b373a732803
5ab6f759-081e-43b9-827f-1d9a67e49990,ddb33170-c547-4bdc-b8a6-4840fa31f174,e4dcaea7-5098-4270-994d-0d288234aff4,2023-09-07,4,356.23,Debit Card,163 Jacob Ways Suite 205,True,Pending,1f7a0b0f-d391-4bb6-9469-18ed76d436e3
878a951e-ba94-4b4e-b563-8fa059fcf5d1,96a9e90f-599f-41fd-b653-d080115d2a00,7a4c4e02-13b9-40ac-98ff-9f18d54cd4fe,2023-06-01,3,963.45,Credit Card,407 Lindsey Lake Suite 958,True,Completed,e6deb1f2-7cf3-4f7c-a906-4a91eb8964a2
8992964e-5c6a-40db-bb5f-0aea05e37bb7,b0bfaa15-c3d7-44a2-a9b4-76cda12c3902,ccc7b69e-4ec2-4949-aeff-9dc960953aae,2022-09-16,5,202.3,PayPal,94320 Nicholas Circles,False,Completed,77115eb3-9656-4239-a4e0-741a3f1dc31d
c3691917-ae34-4e5e-b24a-0473dd494b58,74e1a1b3-df3d-40fd-a76d-d1b1111db765,6ffaeb0f-411e-4d61-9197-f5ff2a6db865,2024-02-21,4,999.6,Credit Card,89800 Frye Ridge Suite 984,False,Cancelled,6b3c2a2a-c8a1-4be4-b6e3-e65929f30a90
0ac82676-6294-4c82-b525-93c560da1249,602bc62c-17d2-4ead-a45e-1c198c5dd32e,6080e6a5-1503-4da2-babb-1d19383b0ad4,2022-09-24,8,351.84,Bank Transfer,18445 Bradley Fords,False,Completed,acf510cc-ecd1-42c2-bef8-2846d7f79412
4f7022ed-f508-4e3c-b9c8-133620cfc2b3,bb5de437-ce67-4790-8b39-b993d3e4d17f,5d2a14a6-d532-47a7-bbb2-1d32bf943a6f,2024-06-02,1,833.44,Credit Card,530 Amanda Motorway Suite 885,False,Completed,f4b7528a-db38-4c93-a23e-2f50c13c05eb
efe8f6b7-dc47-48a4-885e-d96c9b8d2b30,2d8729cd-cd99-4fd6-98ca-4276ffd54ac8,84ece4a1-5f62-4aca-939d-b59b0ea8fb9b,2023-04-24,10,244.55,PayPal,510 Michelle Ranch Suite 036,True,Cancelled,481e49ec-1514-455f-bb90-f1b672521461
55c600fd-d5c3-45db-a15a-3837a98cb45c,304a4542-a9df-4641-8394-d8296fd72897,7280bc1e-faad-4e6a-8175-807041cae9d0,2023-10-22,8,79.63,Bank Transfer,8340 Smith Plaza,False,Completed,4434b7dd-f6e8-41e4-9397-26388b3328b4
b250e5ef-975e-4632-9998-ecd9ea484d73,b8775baf-d211-419e-b62f-af4ab7d23dac,ec7958be-7463-4963-84cf-f0e46c5e86c4,2023-03-17,8,398.77,Credit Card,84681 Jennifer Parkways,False,Pending,523ffd2a-7455-4137-bbab-95e696fa190a
51f1820a-c268-47e5-8aeb-56dc913a112a,90987d51-0ff0-4484-a364-1a10ffd0db32,fe599991-46e3-4602-b64b-00100e4282f9,2024-03-21,8,251.18,PayPal,170 Stacey Gateway Apt. 209,False,Cancelled,61fec9c2-bb91-45cb-9344-da8c328ca1ab
128995ba-afe8-476d-a239-19e0315e06fa,8c857228-913f-46ee-bc75-c7283acdbc99,eb114a5d-b9c2-4d7d-b62a-a17182700799,2023-08-26,2,19.42,Credit Card,2884 Lyons Mountain Suite 778,True,Completed,fcd6ab87-adf8-4603-8695-b73b9dd69f93
26b9f6ac-574d-4b2d-9f0c-6fc77b7feafa,2f79df59-e3a0-474c-baac-0769bce16a04,214611c1-c45e-494d-82fa-87f6bcb699df,2023-10-05,7,999.16,Credit Card,2754 Morrison Field Apt. 333,True,Cancelled,be9199f5-aee2-408f-953f-957084938263
34734a3a-dc47-43b0-b5ab-620338a13eea,0a88791b-d6f2-40ea-a966-4f168eb6a8cd,883b7e53-989d-4dc4-8f31-5c17dcb04343,2023-09-21,6,627.29,Bank Transfer,321 Lopez Lights Apt. 297,True,Completed,fcc18638-a86f-4b77-ad5a-4474fbe5adee
5ed45004-d95a-4968-bb93-37d65fa7e540,dffa557f-7b8c-47d2-b6dd-c7ee3d926407,a4085508-ede4-48de-9441-bd427082f3c9,2022-11-14,2,250.15,Credit Card,8716 Joshua Haven,True,Completed,e68b5171-1c81-4665-b7e0-b21aa9ff9c9d
ba4ad7e8-0407-4855-b247-04db283bae67,5ef1c386-e336-4b8f-995f-cce3379fee89,521ee6be-ddaf-4039-aae6-d74425a42722,2023-07-28,8,104.16,Bank Transfer,0126 Amanda Loop,False,Cancelled,0aede4f1-ebf1-44ef-b1d1-978d3ef36bbe
c850d503-8f63-4e9b-87bd-f2c2066b99bd,52ec077b-9a39-4d86-a85c-4acd8261d052,5386778f-608d-406b-a9a7-2b8801a398e5,2023-09-26,3,125.41,Bank Transfer,616 Shelton Ridges Suite 845,True,Cancelled,38a1d21a-9d68-4e06-b609-05cfd6408d7a
ea8465d7-ae21-467b-940a-ed38bb75bcd9,b791eb5f-6997-4aab-9de7-1a759069328f,f3d497c3-cb01-4012-810d-05703271cda5,2024-03-30,3,447.96,Credit Card,152 Taylor River,False,Pending,a48eec5b-d754-4274-8e4c-801c85939857
fdd30c43-1839-428c-b589-614ea313bd24,f0b85f52-43a1-49cc-bcbc-7d6297e5c9f8,af4e32d5-f02f-4dcb-8099-029105e73147,2024-04-25,3,315.63,Debit Card,608 Montgomery Circle,True,Pending,815218a6-ffbc-4fc3-8aea-43bdb548a360
2f7f86e7-feb3-4841-9e48-654e9605063d,39ee46d4-3f22-421e-a8ac-e7ae20c50cc7,82d86cd4-0a92-4a45-8e72-73e54d0dd708,2022-08-07,7,244.82,Credit Card,911 Amber Parks Suite 281,True,Completed,9ede3493-6e30-4778-ab4d-2b542a60f97d
f36b4846-ab79-454c-ae91-58fd7703517d,9cdcfa21-0b22-46e8-b145-3875cf190c0e,2386a1fa-f36c-416f-b9cb-7e1cdbfbe6f1,2024-06-12,1,395.67,Debit Card,15633 Jonathan Roads,False,Completed,ffcdf358-8ef6-4ed9-9669-434832cb4c19
cada46a5-46b2-4969-8a4b-325e366c539d,89f52e2f-7abe-44cf-90f7-93492391871c,1a84ce26-083d-47b4-970f-ab5f9fc71d52,2023-02-24,9,141.65,Credit Card,958 Laura Station Suite 110,True,Cancelled,3bf04586-8b9b-4cb7-9797-95efcb1e9234
81320261-b4ce-4c60-a1e2-4706e9e5fa44,d08c7a71-1319-4eed-9fdf-eccc5eaae897,0435c193-d2fe-46b2-9863-f0d5a64c69af,2024-05-18,3,934.84,Debit Card,13438 Huang Throughway,True,Pending,06dc0b00-0b09-42f9-988d-8decf041c590
2e5d4e45-6c75-4bac-8df0-c037cbf2f24d,4d7fea13-7707-475c-aa20-65f604b25596,7c16481d-97c4-4aeb-ba66-feb87b6a11ce,2024-06-12,10,123.72,Credit Card,8351 Leon Village,True,Pending,8e55e38b-27a5-4f9d-84c0-156e7ca949f8
efc9d27d-74d9-499e-aa1f-d7f8c72c0c03,f32b51c7-f5fc-40d6-80c5-e52393f944dd,1ee96e34-0d87-4ecd-862c-5bd2f16ca06f,2022-10-13,2,466.24,Bank Transfer,2106 Miller Centers Apt. 885,False,Completed,4e077848-a270-4ab3-a969-54bfc548c916
04967f08-e778-405f-aa2f-a62aa7b50abd,e4836cad-c217-4c7a-a5a2-58f8cf278b4b,afa6a059-77ad-426e-a261-48c055d1f5e3,2024-04-13,10,54.61,Credit Card,2235 Nathan Lane,False,Pending,e25a5685-fceb-4d5a-927f-6a586bca8ee6
e54c65c1-6bb8-4e06-8f71-8e663c3c7c9b,de7901ed-fd03-42ba-851e-a07d11933bf5,192a55d1-8443-4c28-8dc9-90923a0a0853,2024-02-15,4,744.62,Bank Transfer,38217 Whitney Knolls Suite 550,True,Pending,6f89c2af-f71c-4cad-a28b-c7764ae8565b
fb852856-54ac-49d5-81b6-c71a8756d9a3,c42390a4-fa0a-49fd-8c59-13a76c1b11f3,158b51f8-8abf-4507-8f58-66a8eba7e7e2,2023-12-01,9,154.56,Debit Card,29333 Foster Mountains Apt. 952,False,Pending,64e7f1ca-f202-4bb8-a7bc-440e44f1a1d0
2b49294b-8f4f-4352-8d3e-1bdf619afd56,78b914c7-dadb-4232-bdf6-0e78cd7573f7,4519b296-2be6-4202-88fb-6308492e72b7,2023-01-24,8,182.37,PayPal,544 Morgan Field Apt. 278,True,Cancelled,65d718c7-a4ae-44e6-a020-9808cc993128
7f35dd7d-c23f-4b89-9da2-509b602cfb7d,06c3b92f-515a-4429-9e22-98be4ed8bbfb,f936957c-6b98-44c5-afeb-8142fd314032,2023-10-23,1,804.03,PayPal,009 Aaron Extensions,True,Cancelled,d7cee721-75ce-4857-989f-acc4e4e7672b
2fdfbabd-939b-4049-8e79-f87b4a3e1ebc,4ab4dc61-2018-4df5-9851-bb87b2ee16fd,3e458847-800b-41bb-97ee-de682dc5a9be,2022-06-13,4,734.5,PayPal,94779 Brittany Ridges,True,Completed,8d671329-9c94-4539-aaea-ac7c982297cc
07747fa2-9ffe-44ed-a9c3-6c020ab146bd,a1aa1954-e62d-4341-ba63-9a02d7c4b5dd,8a0a21a2-1577-4525-9580-01e7aab2a9af,2022-07-31,2,655.19,Debit Card,104 Lopez Crest Apt. 000,False,Completed,ee5c54f6-725a-49c2-8837-bcb172272c0d
0d133863-6c8d-4f75-afdd-9b7dd859412e,88619809-5121-4e70-95a2-ab291b35d359,3088330a-088a-454b-9d29-14cdd68b1d94,2023-03-03,9,910.23,PayPal,6735 Anne Stravenue Suite 206,False,Cancelled,4e4839fc-48e6-4317-9c2c-c38b94d8dc1a
588b296e-3c53-4c17-87e8-f2c044c9c28d,f589126a-bee5-4d9b-92fe-80063790d7ae,3ea33df4-3890-4393-9d76-d20e2cea2682,2024-06-10,1,521.4,Debit Card,139 Cook Parkway,True,Completed,334ce6ad-c18b-40e8-be4b-4db215b5a677
150c5bf4-2bce-41d2-aca1-11851120c028,aaba80e5-54d0-4f99-adca-2ec7b0745172,1ce71683-a6e6-41fa-8798-529a95a95d6f,2024-03-06,1,947.01,Credit Card,6699 Andrew Trafficway Apt. 681,False,Cancelled,2e76e6e4-4902-4d21-8d3f-d31498cec190
af066f60-d918-48c1-81a7-d8beb1cf8214,0a0f6e70-c260-4c96-b794-1903fe76020d,a5c79fda-626c-4d07-b7b5-d2e7abd9cbfe,2023-05-20,1,874.09,Credit Card,454 Steven Hill Apt. 004,True,Completed,7cebcbfd-8dbf-4167-b61b-e92d8b99c253
8d7c554d-a472-453f-878b-0e4ae8ff4549,d1c3e5b7-fa0b-4014-90f2-da9c88a6efcf,5d7b6fe9-1968-437d-a5f8-dc929bcfe339,2022-11-11,8,427.34,Credit Card,6762 Luna Cape Suite 914,True,Pending,cef60d14-f218-4872-b2d0-62fd6ffc0c52
268313d6-69c2-4f2d-aaa9-08c9abb1f6fd,e4434f57-9003-42cd-ad1c-6abaec55cb66,a27fcd9d-c775-4557-8d80-1ce5b102c3ee,2023-12-29,7,567.78,Credit Card,59438 Roberts Field,False,Pending,7d0f04c0-6fff-4eee-858a-c2b3f5029cbe
c991d1ad-016f-42f5-9b10-99024b773ceb,b86f44e8-9e93-4eb3-b642-b441cfccf581,821188fe-3227-4394-8a8f-1c57117bece8,2023-08-21,1,310.13,Debit Card,39765 Gwendolyn Rue,False,Completed,b6012372-6833-48c8-a0ca-95bf4ea85bd8
17fb086a-bce1-4469-8323-9e209b2ff5bd,49314de5-b0a0-4ee5-a35d-bc268b842640,946b1019-9ce0-43dc-9a7e-178fc0fb5feb,2024-03-03,7,944.97,Credit Card,2647 Johnson Spur Apt. 870,False,Cancelled,00aec4ac-5b9e-4ae4-9de7-ff7e8ef14485
bee83ab9-1f61-4810-b1c3-13aab888a5c1,7b0fed6a-c0ff-4120-b0f7-490fe24fdcdb,b2568933-0f4d-45bc-a53f-0bc89e3cc3b3,2023-12-27,4,573.87,Credit Card,4705 Hill Ridge,False,Cancelled,c01c9729-8330-4ebe-8198-0e51fbbc642b
e4831f1e-fc04-457b-be6f-c35c2d402c99,17f49794-059a-4a11-a925-fb970c35b92e,76ada102-9551-4d0f-9e8e-d2d2e5c61063,2023-01-26,6,766.1,Debit Card,613 Micheal Mission Apt. 893,True,Pending,fa485ef1-66e4-4047-8218-e3aa72b1622a
055d2cab-3b41-4d08-82ed-1c712b511ddf,c5e15fff-8505-408f-bf3d-c73135ffd54b,31203ad6-29cf-49aa-b401-9cea3d94126a,2022-08-07,9,32.98,Bank Transfer,897 Kathy Ville Apt. 690,True,Completed,68e495d9-0eda-4529-8e09-c4fef33884f6
f31db353-2136-4012-857a-19513262aab5,88b381d8-be4b-4549-aa54-d04caad5f033,504dbeb8-aa99-4b94-8f06-e34582f2137e,2023-11-01,6,205.71,Debit Card,2753 Billy Cliff Apt. 569,True,Completed,ba67db8e-7344-47ec-b213-84be9df6a310
44351d34-c14c-4b2a-b12b-5b3f0ec298fd,43eee0ec-c540-4141-a796-183f460d8791,7d4504d5-4c43-4181-a72b-d023a9be8a7d,2023-09-23,10,909.83,PayPal,00688 Brett Neck Apt. 434,True,Pending,2d0a6108-5179-409a-b221-ab75a0130016
88700fae-1a4b-4f23-ab96-e7cc5e2a9f82,cd4753bc-4bb1-4536-bebb-95cef56c8952,c339f9d6-0e50-4868-919a-7833c6cbaec9,2024-01-31,4,283.57,Bank Transfer,60535 Cooke Corners Suite 487,True,Cancelled,ccad50d2-7f7e-4fdd-802c-9382b9c275ab
a817f3ba-0001-417e-a319-9e358d9d89f3,186dea16-2250-4252-b328-6cc52ad2e9e7,f800fde1-cf3f-4c69-8606-c6d9906e490e,2023-09-05,2,919.64,Debit Card,39563 Jesse Lodge,False,Completed,98d59e90-c453-40ca-84a8-6460c3b5ac93
915f77f9-c4b9-4707-803d-ced25b754563,1f31c0f0-37f4-4880-9426-1d133f15229f,14f16181-6e9d-442f-968b-af3ab7cd61e4,2023-12-23,3,851.95,Debit Card,8407 Thomas Haven Apt. 519,False,Cancelled,3a7af4a7-16b6-4718-934a-91c75165a46d
bfb97e40-665f-450d-9ceb-04686f9101fa,6fa985d9-b584-46d2-9233-f9a31cbcb7cb,9f8677f3-4189-40b9-9929-181f226880f4,2023-03-14,2,119.84,Debit Card,5469 Ronald Corner Suite 034,True,Cancelled,5a12048a-a5c4-41fb-851c-16ddbf300dd9
0b9e2281-e525-4d77-a083-f2a0a61b3b88,d1c3e5b7-fa0b-4014-90f2-da9c88a6efcf,c3a58ae2-2f38-4a46-ae98-e8d5a974d7c4,2023-08-01,1,895.94,PayPal,1539 Chambers Ramp Apt. 925,True,Completed,2919ceba-ac54-42b2-88f0-8cee8895f563
bd504d12-cb45-4cfd-98a6-8cdf24aef009,96a9e90f-599f-41fd-b653-d080115d2a00,a78c5fd3-74c1-4375-bec2-b641abf5ad76,2024-05-31,9,345.32,Credit Card,0264 Palmer Forge,True,Completed,668a9129-db40-499f-b87f-cfca44b597dd
2ac6747a-c005-4e1f-945f-dabbc2c69857,8c125d02-bea8-454e-a840-a513d16363f2,c4db75ce-5ae4-4358-905e-1782487951b9,2024-04-29,8,509.76,Debit Card,3127 Nicole Pine Suite 276,False,Completed,ae5a550f-f0b5-4ac0-bbf6-b9d101900fe3
797397ba-31c1-4cc3-89a3-ec242920b544,f94c1d38-2189-405b-98f7-43ec2a6c676a,bb1f0fc2-a276-4d72-b617-7fa5be759203,2024-05-27,2,212.15,Bank Transfer,005 Haley Roads,False,Cancelled,e488b757-b72d-4a9e-a5ae-738ba0b1f7bf
ef18af3b-e39f-46b7-b3fc-cee10530fecd,59f22eec-d50d-4ca2-9df8-ec8f4d99cd57,ed1d47c0-a71b-43ed-b2dc-65e7839ec330,2023-02-13,6,177.76,Bank Transfer,73746 Klein Branch Suite 188,True,Cancelled,d8f77e19-c2e2-4b75-ad1a-f8dfbfff55b0
166419fd-7642-40a8-b59a-c7dbbd59dcb0,d01847be-d6da-4e4a-b53e-216cba1377f6,6bea36b4-95bb-4158-bb81-5cbb97d9e893,2023-12-14,9,995.71,Debit Card,0115 Peters Parkway Suite 937,False,Cancelled,b9e8fa74-a888-41a4-81b6-88e8f0a33ba2
fa9edd46-2faf-459c-8afc-4d5d96920709,0c73a297-a715-404a-816b-d37a07bdf30a,c8bb2377-51cc-4a3c-8c43-105172eb12d0,2024-01-07,5,622.97,PayPal,9273 Christina Forest Apt. 752,True,Pending,20272af8-1e48-4873-87d3-284d76466d30
e7e10731-9547-4135-b22f-a06520383df9,f5a820b8-ab5e-4135-84f4-669c0eb62821,4bb2080f-c58e-4606-89da-36a226ac14e8,2022-09-12,7,146.58,Bank Transfer,95558 Campbell Expressway Suite 154,False,Cancelled,c1b739b2-226c-4ec6-b99d-214ec38e95d4
51daddf1-7173-491f-b6cd-8d6abda87a4d,0199c976-b3b3-4c7a-876c-bfd35273891a,49b79350-ddec-400c-b481-1a79f5ba5428,2024-05-03,7,314.4,Bank Transfer,697 Hernandez Fields Apt. 552,True,Pending,9fa1573a-4075-4bc5-8133-e286b24508be
b8d0e975-f237-4681-b2ee-1b559ed53ead,a0f09365-a578-49f5-80d2-57663f46eb6f,456eb5fc-feed-435e-b689-b0c9a5c4a84e,2022-08-05,5,366.88,Debit Card,11590 Gerald Trail Suite 672,False,Completed,c9ef1998-0ebc-4c90-b921-73e10b25c58c
0f694f48-bb2b-4922-b42f-aee1c196da43,78653058-16fb-4c4c-a347-fdb2dbc6206f,0f067e5d-7fa3-4ae2-9cd2-5d7016fdb22b,2024-01-28,5,212.3,Credit Card,21589 William Bridge,True,Cancelled,85ba726a-41f2-480d-be0c-ba380282fa2b
a8b9e623-ecd6-4eb1-9d02-96d17a15ab33,cc33d663-5697-4ea5-8b89-32444e0ea47a,bbd1ace3-feb4-4eb3-b163-3ed9d8c18ec6,2024-06-09,1,975.62,PayPal,5929 Parker Loaf,True,Pending,0409bc03-e339-45ba-bc19-083e0fa0ef16
8befeef6-62f0-4e35-9eb2-414afb100fcd,235e5697-bbcf-4b2d-8e9d-bd3a4e4acfa3,abfe539a-fc04-4396-8952-752f8e50ee1d,2022-11-22,7,446.85,Bank Transfer,940 Vazquez Throughway,False,Cancelled,07156c57-0b22-4f02-b79c-44d417cf4702
cd96803e-a368-4027-a21b-b55f8100bf82,998f6e45-36f0-43e3-b23f-f22c97ea2151,71e832b7-fec3-402b-af45-abdd92dea384,2024-06-09,10,943.74,Debit Card,01931 Taylor Inlet,True,Cancelled,8effec07-d444-40cd-84ea-f9c51a2b1321
f716cdfb-a301-467d-9f71-c482c68e1673,9349a33f-845a-41e7-bf43-0f845899e91c,da9cea8e-baef-43c0-9141-6b9f7d58c943,2024-03-03,8,305.41,PayPal,49996 Erin Station Apt. 048,False,Pending,3bcd3e25-8af3-4a77-84eb-2b8f812b1490
e593d227-67d9-4e2d-98dd-61ef81e467a9,94b3b749-35b7-4b09-b58b-ea82daaa1811,3131ad98-d550-4561-b4dd-4f22d9067b35,2024-06-06,4,851.99,Credit Card,24402 Gray Via,False,Pending,12190847-e48c-446b-8b45-a428d0a5ab7a
e0d45590-ce2b-4d7b-adc4-9846795b3757,8505b057-de1a-4571-b5e9-78a050e70453,00eb7b82-2579-44b2-92ea-59608cdeef80,2022-07-29,9,985.97,Bank Transfer,3777 Nicholas Light,True,Pending,a354536d-c72a-4cc5-a10d-d69628f70205
0eb8f447-3cdc-4407-aeef-f3f3564691f4,2c015a22-cb77-4e39-83b8-8f34272e44d8,e7d62d2e-2e1c-4c1c-b0ac-e380fe609b6a,2022-10-07,7,674.08,PayPal,1210 Katie Unions,False,Pending,10f03b85-ce45-4687-b463-de8cf853b642
fbee782a-0e34-4a4c-91d1-5f4782672250,0c8a84aa-e862-4f5f-ad94-8fbba865d47a,17a47d19-4f6b-4d38-ad77-6d84ae323b98,2023-08-17,2,892.51,Bank Transfer,892 Sandoval Ridges Apt. 151,True,Completed,fb823fc2-6402-46a0-9ef6-084348e1ccff
e14b4fda-73d0-42d3-aee5-6cb90fb16932,d005b834-79c7-4851-aa63-f80baf3fbac0,7298a03d-aae0-4fc1-8852-dfb2fb00a8c7,2024-01-24,6,489.01,Credit Card,951 Cobb Terrace,False,Pending,b78b6f18-2f85-450c-9c7e-92d7f38faa1e
4d202060-aba6-4a72-af7a-32dc127b4878,1b66c5f6-e02b-4e23-b759-4261149ed5c0,b20984fd-363a-46a1-a598-9fa5ad50692a,2023-03-02,3,276.88,Debit Card,41436 Brandon Meadow Suite 845,True,Pending,a85d4877-3d59-43e4-aea5-ae60db87e49d
a325a78f-14a6-4535-8f15-161fe9dabca1,73ef096e-a90e-4da7-a6ef-e994e1a455b1,0803c92c-22ff-4b19-ab9b-98a2771b1517,2023-01-20,1,676.98,Credit Card,53307 Sherri Ferry,False,Pending,d378310a-5788-4d49-83f5-bb58d4b4f3a5
9446ce20-6f03-4590-ada6-641ef675bdc4,ecfdf850-916c-4034-8b70-c5756c723d3c,3ac64a7c-deb7-4592-af59-c71856c7293e,2024-01-03,4,144.41,Bank Transfer,949 Benjamin Fort,False,Cancelled,40b4817e-bcb7-4c3f-aafb-e1e80bab46c7
3ff6848b-abf9-437e-872b-b1e88daa541c,39694c5b-b378-4d54-967f-0a17c09e9482,b5e7867a-9d46-4633-820c-be296e2eecb9,2022-08-05,10,550.46,PayPal,53297 David Highway Apt. 036,False,Pending,56e43217-64a0-4faf-82de-bd42b4fe605a
ea47f624-c2d1-4043-8039-db03d1601c89,ad524120-01fa-4265-be27-0a84f2cd005f,ec827791-6177-4eae-9a6b-6fcb53a32e21,2022-11-04,2,337.57,Credit Card,80607 Justin Courts Suite 008,True,Pending,673e08bd-9e75-4f47-be75-89e0c8e51e2a
9dd8c9be-d495-488d-a621-bc46922735d5,4320a427-1fda-461a-ac68-7f533c238763,138f25ef-ac7b-4ee6-8f7d-c79daf8199ff,2023-06-21,6,432.45,PayPal,55245 David Stream Suite 524,False,Completed,d89cb946-f017-4239-ae8e-6ece5afefff6
712b763c-d604-43dd-adb7-aa90fc2c33f8,6752e00a-9481-4e9b-8b8d-0c0d498b52c0,659f79f7-2bb9-48b5-8571-5bcbd059f61c,2024-03-09,6,430.85,Bank Transfer,49523 Mark Lodge,True,Cancelled,b686a6a5-cb71-430a-8d3e-0e788bebfef4
21f34d61-f504-4eb9-ade9-5938e9c7ac9d,b9b4e458-9455-4eaf-a2bb-df34702855f4,59234117-fcdd-467b-8eba-22f55af50e65,2024-02-18,10,311.58,Bank Transfer,7692 Mcgee Light Apt. 674,True,Completed,dadd1c81-e7aa-4612-88a3-ef12c962c41a
9288f2a7-539a-414d-b4f6-3cbff828640e,2686792f-72ae-42ee-b2e0-200df9077e20,3cd7f298-873a-4af2-8f7f-68645dbd9a63,2023-11-20,2,748.74,Debit Card,17741 Christina Camp Apt. 791,False,Cancelled,fd1aae34-bcdc-46b8-ba8f-dcf30adf1c61
f36ab804-6a7b-449c-b482-6a7aa8f1ec11,380bb3e1-4ab4-48dd-b7e3-5e9c594348e6,68bd1ca9-7508-4de4-8a1f-a65e4c9f6c27,2023-10-20,6,277.49,PayPal,8889 Anthony Manors Suite 781,True,Cancelled,cd0c2066-56bd-47d2-ac76-1f4fb1848c3b
8e9f3543-2a95-43dc-867d-a631159f3da7,b55f2b77-bbd3-4106-ad4a-37d3148c9aa2,803b0e4a-c0d0-4110-ac4d-3451ff2bcea2,2022-12-19,6,49.47,Bank Transfer,50999 Raymond Lodge,True,Cancelled,fe788f8b-3369-45bd-9f6c-a6c33d6b6147
155d86dc-c62d-416a-bbb8-2b1d16a9269b,d683d059-8cc0-47f3-8817-66eeb07901cd,8fd20d17-d4e0-4087-b1e7-4bd14c7e63e9,2023-04-18,2,593.02,PayPal,45136 Robin Parkway Apt. 644,False,Cancelled,2fe405fe-2a79-47ce-ab47-f60eb5e5f3a3
cbc39e5e-939d-4c4c-8907-a3e3c887d4b1,24b1a286-c1a0-47e1-95fd-16f58d4cda52,2b17e9ff-1841-47d8-8915-0bf822533d95,2024-05-07,1,962.01,PayPal,62840 Nathan Brook Suite 294,False,Completed,75944b25-7642-41ad-a5a9-e3b2b3adc8d9
fff9c481-2f5f-4c19-8dcb-c2f73549e3db,b5e6a501-3221-4d73-b3ba-e643acb31bcf,a39378ed-7f1a-42a1-a73e-014976547d90,2022-12-10,7,727.06,Credit Card,6018 Davis Tunnel Suite 933,False,Pending,5eb41a3e-4f23-4840-9099-5bbf05befe07
07292b52-021d-4f59-9a4b-6b3dcd5079ae,26e16b81-c6af-469c-a792-43a06ee48bc6,3b96b1ee-2ba1-4950-8672-cd41bb5e9bc2,2024-01-01,10,588.93,Bank Transfer,24135 Spears Gardens Suite 401,True,Cancelled,cc39c042-5930-4e68-846e-a93b0fca7367
e6e74dae-9069-4293-9712-8f69559b9cb0,dd1e4a39-ad6b-4394-b843-caedda4d9bb5,d68c095a-5a20-42d7-b66d-5ea347f1f573,2024-05-10,8,663.99,Credit Card,2375 Dustin Mission,False,Completed,111d2348-99b1-45a3-bdfc-484b91a6491c
389a02a4-7ace-4456-8870-05826166a77f,b9f8d88c-9388-42e8-b615-82ec33369efd,e7045bf4-ccff-4a48-975d-6f008a7de328,2023-04-17,7,862.17,PayPal,02758 Burke Spring,False,Cancelled,b41dc807-5cd7-4305-ab30-5f3195c16cd3
08913b0e-5ddb-4937-9e37-b46da6731640,66417043-092e-4395-89ac-eac632eddc1f,7383eb9e-650a-4147-8273-f1bb7388c045,2023-11-16,4,194.8,Debit Card,202 Fleming Crest,True,Pending,e5a55e35-182e-4582-8da1-c84d57d83024
dfea4a06-4f89-4208-818a-096aae891a41,fe554ae3-bcec-47cc-9cb0-d660bd1c76f4,127997f1-0626-4f12-8230-178b8f7f0612,2023-03-30,3,934.33,Credit Card,1176 Solis Mount Suite 411,False,Pending,4457a51e-43fc-4f7b-b02c-5ca242ce3965
09ff6146-b3e4-4e6d-9113-fe67d49821e6,fbbc09de-f7a6-410b-9f33-165f51d01ebc,89e09158-8887-4f8e-b6c1-b58481c8e0de,2023-12-25,5,639.82,Bank Transfer,14096 Jessica Drive Apt. 744,True,Pending,35946876-b7b1-4271-ba6c-880e43ab17e8
67814343-8789-4371-83b8-8513da7156bd,9921d56c-2277-4f21-a084-ee57af23758e,400d2569-febd-4a14-a86a-0ace8329e6f0,2024-01-24,7,137.64,Debit Card,72591 Adams Curve,False,Cancelled,ea25556d-5110-4c37-9eb7-59195aa5edd5
2295d8fc-0659-40a8-91f0-50e7f0a86bc2,760e305f-4848-4cd1-b407-6a0a8c633e99,2c19821f-b93f-44fd-bc57-db96565135a2,2022-10-30,10,694.48,Bank Transfer,714 Michael Trace,True,Pending,57329c93-c913-4df0-8cf4-4eec3882348a
9e96d613-e6b1-426f-8ce0-ba27782fe87d,62859161-d9ce-4f31-9539-52159bfd5039,5a3d5358-05ae-4947-81b2-7d34379e02a7,2022-10-01,1,652.43,Debit Card,01335 Emma Bridge,True,Completed,685fe9b1-05f9-413a-b727-747c61f2ff24
3f2dbac7-4fca-4fdf-9b7c-48a0ada469d3,ba926a0b-3f87-4575-a14d-c7aa0cd6993e,3a832987-1cba-4eb6-9bc5-5346de4e415c,2024-01-02,6,751.64,PayPal,300 Michael Cliff Apt. 315,True,Cancelled,0deb029d-55c4-4153-a71e-91c7793d6ca6
9186fabe-2767-498c-846c-9e05dc7d2320,969d7479-0de3-4a27-89bd-e33a47d7e97c,b56b0c9e-bf2a-43cd-a794-c981473b79fc,2024-01-08,6,962.81,Credit Card,55639 Kimberly Corner Apt. 815,True,Cancelled,f87ba762-7664-4f73-a6d5-aacae3fafec9
367afb34-7799-405d-be3e-7874e166e7c9,bc04383a-19bd-490b-bf7a-4aee188f3736,f3636876-9bd4-44b6-974a-81eabd779779,2023-07-23,8,779.05,Credit Card,860 Anderson Locks,True,Completed,83f92c87-ed58-495d-a5af-8c3f46fe3bb2
043e6a53-dd2d-45f7-ac52-53361b92499b,f6a6e46e-5a5a-446f-937b-efa9c0afec82,3bde097b-1ef5-4e6f-89eb-2c57dff4755b,2023-12-25,1,169.46,Bank Transfer,8420 Hart Street Apt. 373,True,Cancelled,dde3ee42-1913-48b9-ad0c-9d3866acd992
a31d6715-1b1b-4302-8103-92de2d1e743f,ab1d474f-600e-43e0-931c-09e67c89d249,352f9822-c593-4932-9560-5276d12d2cc4,2024-01-30,5,270.74,Credit Card,89965 Donna Passage Apt. 301,False,Pending,2e72e77f-b844-437d-bf89-7f19842a632a
7faa6e93-e25c-420b-8a11-63a851bb8502,6496691e-f344-47b3-98dd-4b68467cb020,cc9dc6ec-9851-4b4a-aa70-edfe9bd61f3f,2024-03-13,6,659.96,PayPal,605 Cheryl Trace,True,Completed,003d738c-83bb-4ee7-b429-ff356c76caaa
d8785246-5e42-4157-9201-7e64b16ed8de,a62e680b-d62f-4246-bd82-108c6b28d38d,894f076c-f21b-46a9-9100-48a6e3e2d1b2,2024-04-08,5,689.86,Bank Transfer,327 Patrick Fields,True,Cancelled,f8562a39-3396-4615-9c5e-4a486913e2b5
ef740e93-fd7a-465b-a237-4e35b9fc6046,7244c491-51b8-4dad-afad-77681af193d2,c50934ff-4c87-45e5-9350-78fe62385108,2022-08-07,4,614.21,Credit Card,37059 Hayden Canyon Apt. 931,False,Completed,9ec0266a-1e8d-40e7-86ae-85eecb065d2f
7761a612-75f2-4350-b7e6-cd91ce43ebd1,5c9b75f3-2391-436d-9c8d-10035c8a5f8e,f6adf620-7b3b-4d4e-9f27-d432ddff94a6,2023-08-01,5,939.16,Credit Card,467 Armstrong Lake Apt. 979,False,Pending,391b32bd-6d4b-4395-ad2c-f4aa2eced7bf
ac1b3368-4f8a-41f8-9773-c015e6801a0f,c2d9db92-17e2-4dd5-bd30-b05b2ac3f325,598e583d-7f96-4712-8210-aa2e973cdd78,2023-07-06,7,252.85,Credit Card,215 Lowe Stream Suite 581,True,Cancelled,2a344ddc-d6fe-4f03-b1da-214d085cd52a
a31f7b65-e30e-49ae-93e5-c6db25fb66cf,accd81a9-4145-44b3-a53d-b2882d76cfae,8206add6-1199-4fdf-9bb0-b89b3d3dd4d7,2024-05-10,9,329.39,Bank Transfer,815 Edward Viaduct,True,Pending,b65e45f9-ee07-484d-926e-cf1958e71b46
fff0f7ab-2d11-47fd-8895-68ec9fddbc61,ebe08936-a31a-4623-bc0e-7d5abd2eafa6,5e1fe0fe-6b67-49c4-985c-582e6d6e2f82,2023-07-03,9,128.36,PayPal,698 Ramirez Glens Apt. 553,True,Completed,5ed93847-3730-487b-a091-d83c0db1cc02
98ce1f18-4bfd-4f20-ab39-5c801df01510,939fcbb2-8c1d-4487-b1ad-2dbd4018bf5d,ee960c6f-d834-4e23-8414-45eb23b3dcfb,2023-11-24,3,557.84,PayPal,8020 Anthony Crossing Apt. 282,True,Pending,485698ae-5d20-415f-b28d-57f9d75e33fa
9a4aab2c-53b7-49bb-91f9-3b137612f6ee,06c3b92f-515a-4429-9e22-98be4ed8bbfb,85ad4bc1-98db-4e95-9a2d-3256f6f5dde9,2022-10-15,8,590.75,Debit Card,185 Bennett Bypass Apt. 387,False,Cancelled,6b322f32-a4ae-46f3-b5e7-c8c43f3781df
9e491a8a-be96-4149-adc8-63c4322a05f2,74f65102-b187-4849-840b-4bd7322063e4,93a1f55e-0c36-4373-8360-ca30f1b5b5e7,2022-11-11,5,317.22,Debit Card,89258 Alexander Lake Apt. 751,True,Pending,dea9da0d-2127-42b2-be3c-5207e77877af
098330c5-de13-4264-b689-ff626dd20661,77191886-a93c-4873-9c68-cc498d93d718,8efbba33-0bbb-4063-8f1d-bbfd3692798f,2023-06-06,10,306.82,PayPal,048 Boyd Plaza,False,Completed,18fc86a7-4459-4f80-9cf9-2477b52e65fd
c490ac67-c8e6-4f8a-863f-47295d75a1f7,55ccb215-5f34-4d8d-8e81-d5e1cf9f1e5e,a311f5d9-1add-4fe9-8241-06577b580488,2022-09-06,9,879.83,Debit Card,560 Nancy Dale,False,Completed,eb8ddf9f-087a-4236-911a-b8e519ee058e
8e9420d2-fe1f-4dad-9db7-f30d57d1bcf8,9f0974a5-22e2-47d3-b834-175276e9eb06,cb27ba12-bdc5-4354-9412-4e1fb2ba4ee7,2024-03-25,6,105.45,Debit Card,277 Clarke Forge,True,Cancelled,a45397af-ced6-4bc1-981a-1f378fa0a76d
5fa483d2-be0b-4ced-bbaa-c4de0afd9484,b7b439fa-3cc3-4b38-b672-94741bcec6b5,2bad5df7-edb8-4fe1-90e3-07ab44f2db38,2023-10-31,3,276.94,Debit Card,61855 Alexandra Roads Suite 199,True,Cancelled,70969df8-33ac-4525-b916-bae69ff03322
442fb131-ccc8-4d76-8d8d-60bc7bfdcec8,40a7961c-d824-4fbd-bedc-e9e0b2ddcae9,28d48c38-c9d5-47c8-b394-d12c304764a9,2022-10-19,8,136.25,Credit Card,23588 Sheri Flats Apt. 045,False,Completed,61b1805c-5686-426d-b0e6-4e37e523c74f
d1214fb2-57bf-4b90-9b2f-f67c542abd97,2a156290-4416-4d4c-a487-81acd2089331,d1ddbff1-bbb4-4fd6-bc99-5412d600debc,2023-09-27,6,775.31,Debit Card,71484 Frank Lock Apt. 379,False,Completed,36b99a24-29e6-4e62-8358-445770188b1c
daee2760-382b-4c40-aa41-2e1f8fb394f5,fff7d146-f0db-49ee-a2bd-860b2e430183,0dc32c06-ed35-464e-92a5-fb382e63bb4e,2023-03-10,7,406.33,Debit Card,77465 Mark Cliffs,False,Pending,048f0e6f-3a42-4203-8857-818a48b690c3
eac66709-eec9-424d-abe8-c17b4bf8c154,f5ce5161-e42f-4c0e-8a95-63336e7f6dff,6e233bdf-f52a-4c71-a1b3-8f27fbfdfd0d,2023-09-24,7,352.37,PayPal,20992 Martin Parkway,False,Pending,3f36c22a-895f-44c9-8ed0-3a0e1cdb2dbb
53b0ea64-19a7-46dd-964d-3c7b74243bd8,4e1b304c-7e11-4ca3-bee8-719f7a7354d3,b658aed1-1062-4f53-b853-fb3f1b3d3c65,2022-08-04,1,492.38,PayPal,475 Nicole Trace,True,Completed,8ad3f76a-7f59-46cf-976e-13b2bbb4e192
9c5f103a-e6fb-40f6-a044-d76e2c8c2fd1,8441d8a5-2fe4-485c-815f-d58bdbd11651,a88b707f-7bfb-49df-8db4-f53f75b87de3,2023-06-28,8,611.7,Credit Card,557 Caleb Divide Suite 992,False,Completed,6864261d-6834-4ac4-a2d9-65fc1ddd53c5
739ae746-0f03-4042-a887-35893636cf38,1b66c5f6-e02b-4e23-b759-4261149ed5c0,b4b428bb-d0fb-4833-8669-022e30611f07,2022-07-25,5,904.78,Debit Card,405 Mindy Village Apt. 566,True,Completed,491238c5-6c21-4c75-aedf-3888dfedc674
3c8c04a7-d232-4b58-838a-0b2f0c81fc3a,61028cd5-3152-4fae-9382-f6e11c628670,c3abfa2c-08a9-4de4-be81-e7617384e6aa,2023-05-06,6,221.34,Debit Card,18953 Humphrey Row Suite 444,True,Completed,75e90bd6-197b-4b5c-8de6-4a7a92512bd5
54e29632-5943-422a-87d8-8b552df548c6,377c2c28-49cd-4a71-ab9b-c3e6fbf23386,18b24182-2c9a-462c-b96d-67b603b3c32f,2022-11-01,8,514.45,Debit Card,214 Meghan Island Suite 339,False,Cancelled,9a0a4a46-9109-44b5-9edb-6c8e3e89a8b0
7ddcfb65-fffc-4c4f-bf37-54316e048cde,235e5697-bbcf-4b2d-8e9d-bd3a4e4acfa3,064e54e1-ce1c-4d32-bab3-e51df2b803ae,2022-11-25,5,391.74,Credit Card,01517 Bryant Court Suite 917,True,Cancelled,2a95ad20-0ab4-4ed7-bc91-7587106b4dcb
d857bac6-da0a-419f-acc1-52035576a6dc,c15cd27f-c876-468b-9692-14b2a977449b,a6b61c32-f03c-4df0-94f6-cbd3969e4524,2023-11-17,9,209.53,Bank Transfer,41405 Tammy Wall,True,Cancelled,086df93b-1689-433f-8088-83e7783e0a80
69415f14-4740-457a-adb4-c9830b1819ff,e51c4add-f6f0-4285-93cc-2410e6a3a9a7,a8b66d44-a5fc-4c73-ba50-059fd18ec8a9,2023-04-07,8,936.07,Debit Card,557 Byrd Rest,True,Cancelled,dabcb14d-aa80-46d0-b97c-3d46f323fcb5
8fe90e24-d147-4b8f-963c-b6f8ea32f492,5668001f-4cf4-46b7-bcba-0bac97fb7f60,7785ceda-d5cd-4fa7-a154-c2c62b67ee63,2022-10-07,9,69.62,Bank Transfer,4578 White Mountain,True,Pending,9f96fc36-02df-4894-a207-0272bc650a4f
a34e16f5-a6d3-425c-b82a-ff8cdb8fa0f7,ee24ae05-7b62-429e-8774-fe75046bc518,35f2ca96-2f91-4edc-b2fa-e0a6c50f6db0,2023-11-30,2,195.62,Credit Card,729 Kristy Bridge Suite 544,True,Cancelled,e35bc0ce-52ea-4c55-b50d-58c63c57f97d
e81459d7-3c3b-4a83-ac3b-12fcebcdeca8,2562ff44-18b1-46f5-a159-c5d71800e84f,54f194d7-9c88-485c-9241-5e890f0c2cca,2023-07-23,5,616.6,PayPal,2133 Sims Crossing Apt. 770,True,Pending,af7e18cd-fb89-4d96-a86e-399598f43a44
18be76f2-e86f-4e11-8005-39df25efc635,103abf66-28e1-43a4-8033-4ce582b2529c,29c39238-71c9-4c71-9456-7bab3398eeba,2023-09-18,3,928.61,Credit Card,81052 Gerald Island Suite 047,True,Pending,940a165a-eaf9-49cb-a875-3fd26a8f4291
67d62a55-4c77-4134-b177-d322b2758cdb,2a9823e5-407c-40a7-8f9b-5aacae4d471e,247b9fc2-7a5e-42bc-a11b-7f3d9af220a1,2023-03-12,8,940.01,PayPal,143 Dean Springs Apt. 929,False,Cancelled,2ade3408-ceb6-468f-bffc-cf613092106a
3d804c5f-d8eb-4e84-9a2f-a9bac47832a5,a52f85f0-ec6f-4f9f-86fb-b4a9f7a8152d,21459270-cf06-4f63-9326-61ff0f53eaa4,2022-10-14,5,608.67,Bank Transfer,80014 Roberts Causeway,False,Completed,678d59e7-ab7c-4493-93d2-a6240a48c1fc
07d131cb-3974-4f66-b576-4eed51c245f1,79fa29c8-69f7-40cb-9196-257379399c67,26cc24dc-1e30-49ce-b3f2-d8cc2525a8e1,2022-09-24,2,296.34,Bank Transfer,502 Darrell Underpass,False,Cancelled,675ea772-136e-4f30-bcec-d79439df3efc
55707571-825c-47e1-ac46-bc06afc58b0a,4cabf0ce-7607-4cfe-aeac-08b86f84e712,985d17a8-905e-4b69-b212-c3bc25463e56,2023-06-30,2,284.97,PayPal,19080 Jason Forge Suite 510,True,Cancelled,0fbda9d5-6bbc-4233-9fdd-cc0aa41d2741
bc803abd-78e3-4fea-8ee8-89458762e87d,b1b5ab6a-ebef-42e7-8098-f918a47caedc,019aebab-44be-4ebe-9133-21d4ad48219a,2023-12-27,10,995.91,PayPal,428 James Junctions Suite 392,False,Cancelled,1d574cd9-4da8-4976-8e03-fb495745ad32
32a82aa4-e137-44b2-9c2a-b2b6ea192b02,a267211e-a75b-4c31-850f-68a4eecfb9fa,cb9acd32-2d60-4de3-8ead-32fe2f01f315,2022-12-20,1,798.13,PayPal,12310 Anthony Courts Apt. 662,False,Completed,efb7be9b-aac8-4db3-aea9-94a4f0e0ec56
6f331ca6-159c-4917-8ca9-202a62dead32,48639c4d-2a4a-4a8e-a975-f6fc2700b5c5,027ac898-2d0f-489f-8bba-e1a4595ae901,2023-05-07,5,737.72,Credit Card,5544 Holloway Point Apt. 508,True,Completed,61b9fa9c-21d4-40e5-96d4-4e9f0404480d
a9f302de-7240-40b7-9ad9-a5985b7340e2,08ad1074-6184-4840-8f91-df8f017a0745,311bb601-c070-42a6-8eb1-d4f7a925d3c0,2023-08-17,8,722.54,PayPal,1960 Chad Squares,False,Completed,97d7c44a-fe91-43d9-b48a-9dfac5d15db6
bb9a6a9b-8dd6-459c-9b69-353533fb9f75,9eddb9fb-d5ab-4ce7-9f37-e666e2b6c1d5,81f8a020-3859-4177-a9cd-a325dace541f,2023-01-08,3,821.43,Bank Transfer,4317 Bowman Squares,False,Pending,16846cf5-82e9-4be3-8f6f-471349d6b3ac
afb29cf3-d115-47f1-b26b-cbb56f100443,6687eb3d-5f45-401e-b720-67a683086acb,5c83ae43-9f2e-4ac5-9cbf-297f8c4564c3,2024-05-04,7,633.85,Debit Card,90425 Kathryn Fields,True,Cancelled,0d2f02af-f7ed-418e-90ba-f8ead90e21a2
9445d49d-8472-47a5-8db0-0150b0e6209e,e3394aec-c2a8-4e81-8653-70928b1074ca,ecba2f10-2b74-4212-91d7-2fb55503a83e,2022-12-02,1,871.22,Bank Transfer,3900 Perez Stravenue,False,Cancelled,f53ddd0b-0a03-4825-ba98-1420b601c86c
1e16cbc9-72b8-4863-9537-e68f9f48c890,4ce57672-dba3-444d-a65f-04cce5549a78,03b79e70-4716-4087-94ce-fb7ade2312b4,2023-06-13,6,872.58,Debit Card,04205 Elizabeth Union,False,Pending,5cae5fcd-7cbf-4b04-8bfa-dbc0b03d9267
fa636c8a-e58e-48da-9e23-ec07939d7e8b,90659031-c375-46d1-858c-480cc8beeaa5,d13fa11b-4ac0-473f-a659-d3fee4d18ea7,2023-04-29,2,428.13,Credit Card,636 Bowen Cliff Suite 146,False,Completed,251204c2-ea79-46e4-86db-394db161ba3f
09ab8cb7-94dc-4382-b895-a39dd9ad58b3,8505b057-de1a-4571-b5e9-78a050e70453,ba77cbba-66b8-4d2b-8b9d-45e3df197b82,2023-08-31,4,999.56,Credit Card,123 Rodriguez Vista,False,Pending,2517dc6e-ec9b-43dc-9e88-dd5b43b4717d
91fada4e-ec6f-4246-a13d-32ce39194ecf,d64ae40a-0a5f-4af0-901d-b7ead308925b,c312e8f4-f5fc-472f-8922-115f2bbebc54,2023-06-02,7,389.75,Debit Card,047 Valdez Junctions,True,Completed,0e79ad0b-d1d0-4cf2-b35d-7bf72d80c5f7
c4c0733d-c502-4f50-960a-d8b4adae7e35,e6f6d0ac-ddba-4740-8196-35dfcaf8a951,2e8654db-c4b0-42f6-a796-488590121053,2024-05-02,6,694.86,Debit Card,35310 Stacy Mountain Suite 409,False,Pending,2414bc83-ca6c-4664-acb0-c7e59616941d
78e6b967-5b63-41e1-ae4d-0ec394a4d000,9d71e8c6-fe83-444c-9e23-c2c82fc5d0ff,7b5cce38-da71-43bb-b327-cb5ba55bfadb,2022-12-10,5,503.5,Bank Transfer,295 Lewis Village,False,Completed,370c84b0-eeb9-47cd-9143-404f1044b877
e824bbb3-750d-499d-b2ad-c2a28cfec746,e4c6eb31-551c-4d02-9238-c3762d642262,03438466-40b2-4957-b8d9-a87e298b7cfb,2024-03-07,8,908.2,Debit Card,1931 Alicia Mission Suite 923,False,Cancelled,3d69c72d-65f9-42fb-b6bb-35d96294d838
975e6359-edbb-4c48-a32f-9bd088fa6632,8505b057-de1a-4571-b5e9-78a050e70453,252f70d2-711e-4c95-bb82-f966495da1e4,2024-04-01,3,279.81,Credit Card,626 Lindsey Avenue,False,Completed,854f342f-b83f-44de-b6d2-841c03b17182
15e7d47e-d1cc-45a7-896e-c147bf3bbfc6,40c29cf8-7d81-4c61-b2ea-0071fb7da302,88e9b637-fd29-41b2-be5b-f825cce144f0,2023-03-14,8,538.45,Bank Transfer,8312 Bullock Freeway Apt. 651,True,Pending,1bbf2c76-f3e3-4be6-826f-b82196d60d78
571a852e-29da-4b94-8c59-ca7e415ee56a,3fcc19fb-b7ca-4537-a1ad-226f98cd0686,e1bc10ea-404e-4cd9-bd26-c631056643c0,2024-03-22,3,756.51,PayPal,44637 Schneider Vista,False,Completed,b0c52c34-f603-4e5e-8dcf-e7e82d43f7f5
9bb1e6d3-0de5-42dd-bcfb-0871bc89eace,8e893852-1808-4c6d-8314-3ca1ad271eb3,c8a87196-f0ea-4ac8-b337-5b40fab2afd6,2023-02-16,9,219.88,PayPal,81910 Gomez Crescent Suite 943,True,Completed,9b3ad4ec-4321-41ee-ab01-ec0bc6241941
a2561a72-09a1-48d3-a5e4-2a22cddb32c3,d9910c47-24d5-44c5-9eaa-ac314967706a,0b3b3fd5-618a-4c97-bb9e-73a01111f8a4,2023-04-09,10,741.94,PayPal,98457 Benjamin Tunnel Apt. 039,False,Cancelled,d5fda107-0f0d-4337-b697-ddf9cc5f8b30
1851f34a-09a1-4362-9b95-b764848844bb,90442066-f97b-4ccb-affe-8b152fd2911b,dbba0109-ed2a-4f03-8f3b-061bb72c730f,2023-03-24,10,699.96,Debit Card,61857 Dustin Port Apt. 554,False,Pending,6e29dc22-98b4-424c-85c3-525a437ca8ae
5ab49ffd-7a25-455b-a650-87c450479638,001f6979-424b-4079-a352-045e1316ac23,a4cd5e31-ddd2-47af-8dc1-c05f56f3b494,2024-02-19,5,312.6,Bank Transfer,95457 Jennifer Parkways,False,Pending,eb3e4ed3-0ad1-4bc7-932f-3890ea6894bc
6f832c6c-fe05-440d-85e2-1dae99a2742c,0671ab84-10cc-44e9-9af1-813b8d38af91,88fa1aa9-a7a0-4ae7-8986-a8df7838f5d7,2023-09-20,2,361.04,Bank Transfer,76415 Day Court Suite 444,False,Completed,57f91580-9983-46e9-b2d7-d178859023ff
51ff531e-7dd0-4c96-8c6a-1d1104faa4b3,b7b439fa-3cc3-4b38-b672-94741bcec6b5,0592161a-1552-4c5a-b6bb-221e92234105,2023-05-20,8,544.81,Bank Transfer,0976 Brian Mill Apt. 202,False,Cancelled,3d7182bb-a16b-4abc-9d8e-f43e443ce224
96f98456-9163-444b-a9fb-5306a669c175,d466ae62-c48f-4e05-ba84-6332da62dc58,804f1a31-59d1-42af-91cf-e642f17dda35,2024-03-14,2,981.18,Debit Card,906 Lee Village,True,Completed,d9a3cb09-157c-43e0-91b3-50dcf9897d39
0a01ce80-9de0-443b-a325-720cdabb4998,fdcd4a6a-b9f5-4537-be42-f044c9362f55,de6ae8af-1e05-466a-81e7-c888b058be4f,2022-12-03,6,763.11,Bank Transfer,4437 Richardson Hills,False,Completed,881d8395-6ac1-4f6e-aff2-153fd81ce594
38ce3347-8c10-4504-b89a-5b4e480d4cd4,84bf3259-1a70-4717-80bd-456193676976,7dca741f-d1a1-495b-9aac-f1b9f0ccc4cd,2023-03-13,2,590.9,PayPal,5465 Kenneth Corners Suite 465,False,Pending,7b11f618-533a-4536-87b0-46780bdd4b13
653afd79-7001-42e3-9d93-eaa6291fbdf6,011e6af0-ba6c-48ba-8e44-50127c6cf3b9,586d7339-3343-4a70-ad2f-9ff0ebf89fdd,2023-12-17,9,438.13,Credit Card,35119 Ballard Pines,False,Completed,d9218648-a25f-4d6a-b6c6-83de3f92e2a9
